{"cameraMode":{"drawMode":0,"name":"Shaded","section":"Shading Mode"},"sceneLighting":true,"audioPlay":false,"sceneViewState":{"showFog":false,"showMaterialUpdate":false,"showSkybox":false,"showFlares":false,"showImageEffects":false,"showParticleSystems":false},"in2DMode":false,"pivot":{"x":-28.850000381469728,"y":0.937749981880188,"z":-24.39299964904785},"rotation":{"x":0.06355984508991242,"y":0.003665804397314787,"z":-0.00017687150102574378,"w":0.9979960322380066},"size":0.07397911697626114,"orthographic":false}