{"cameraMode":{"drawMode":0,"name":"Shaded","section":"Shading Mode"},"sceneLighting":true,"audioPlay":false,"sceneViewState":{"showFog":false,"showMaterialUpdate":false,"showSkybox":false,"showFlares":false,"showImageEffects":false,"showParticleSystems":false},"in2DMode":false,"pivot":{"x":-17.401905059814454,"y":2.738542079925537,"z":-29.642545700073243},"rotation":{"x":0.11035456508398056,"y":-0.3561982214450836,"z":0.042410433292388919,"w":0.9269068837165833},"size":0.8206083178520203,"orthographic":false}