{"cameraMode":{"drawMode":0,"name":"Shaded","section":"Shading Mode"},"sceneLighting":true,"audioPlay":false,"sceneViewState":{"showFog":false,"showMaterialUpdate":false,"showSkybox":false,"showFlares":false,"showImageEffects":false,"showParticleSystems":false},"in2DMode":false,"pivot":{"x":-27.199724197387697,"y":-0.2072584629058838,"z":-21.146835327148439},"rotation":{"x":0.17038346827030183,"y":-0.36086389422416689,"z":0.06722060590982437,"w":0.9144772291183472},"size":4.5371317863464359,"orthographic":false}