{"cameraMode":{"drawMode":0,"name":"Shaded","section":"Shading Mode"},"sceneLighting":true,"audioPlay":false,"sceneViewState":{"showFog":false,"showMaterialUpdate":false,"showSkybox":false,"showFlares":false,"showImageEffects":false,"showParticleSystems":false},"in2DMode":false,"pivot":{"x":-17.35342788696289,"y":2.3685388565063478,"z":-29.65550994873047},"rotation":{"x":0.03462446108460426,"y":-0.3832477033138275,"z":0.014378570020198822,"w":0.9228855967521668},"size":1.0220913887023926,"orthographic":false}