{"cameraMode":{"drawMode":0,"name":"Shaded","section":"Shading Mode"},"sceneLighting":true,"audioPlay":false,"sceneViewState":{"showFog":false,"showMaterialUpdate":false,"showSkybox":false,"showFlares":false,"showImageEffects":false,"showParticleSystems":false},"in2DMode":false,"pivot":{"x":-24.171066284179689,"y":2.2464370727539064,"z":-26.181079864501954},"rotation":{"x":-0.008999771438539029,"y":-0.005103009287267923,"z":0.000046770714106969535,"w":-0.9999579191207886},"size":0.7467003464698792,"orthographic":false}