{"cameraMode":{"drawMode":0,"name":"Shaded","section":"Shading Mode"},"sceneLighting":true,"audioPlay":false,"sceneViewState":{"showFog":false,"showMaterialUpdate":false,"showSkybox":false,"showFlares":false,"showImageEffects":false,"showParticleSystems":false},"in2DMode":false,"pivot":{"x":-28.850000381469728,"y":0.937749981880188,"z":-24.39299964904785},"rotation":{"x":0.164541095495224,"y":-0.05995285511016846,"z":0.010082822293043137,"w":0.984520673751831},"size":0.07397911697626114,"orthographic":false}