{"cameraMode":{"drawMode":0,"name":"Shaded","section":"Shading Mode"},"sceneLighting":true,"audioPlay":false,"sceneViewState":{"showFog":false,"showMaterialUpdate":false,"showSkybox":false,"showFlares":false,"showImageEffects":false,"showParticleSystems":false},"in2DMode":false,"pivot":{"x":-23.003726959228517,"y":-0.1697254478931427,"z":-26.82354164123535},"rotation":{"x":-0.2672232687473297,"y":-0.08225998282432556,"z":-0.022746024653315545,"w":0.9598868489265442},"size":0.03713250160217285,"orthographic":false}