{"cameraMode":{"drawMode":0,"name":"Shaded","section":"Shading Mode"},"sceneLighting":true,"audioPlay":false,"sceneViewState":{"showFog":false,"showMaterialUpdate":false,"showSkybox":false,"showFlares":false,"showImageEffects":false,"showParticleSystems":false},"in2DMode":false,"pivot":{"x":-23.88098907470703,"y":1.303813099861145,"z":-20.16249656677246},"rotation":{"x":0.06355984508991242,"y":0.003665804397314787,"z":-0.00017687150102574378,"w":0.9979960322380066},"size":0.6813939809799194,"orthographic":false}