{"cameraMode":{"drawMode":0,"name":"Shaded","section":"Shading Mode"},"sceneLighting":true,"audioPlay":false,"sceneViewState":{"showFog":false,"showMaterialUpdate":false,"showSkybox":false,"showFlares":false,"showImageEffects":false,"showParticleSystems":false},"in2DMode":false,"pivot":{"x":-23.01456642150879,"y":3.549950122833252,"z":-25.747791290283204},"rotation":{"x":0.3111749589443207,"y":-0.3702649772167206,"z":-0.13318854570388795,"w":-0.865069568157196},"size":1.2452607154846192,"orthographic":false}