{"cameraMode":{"drawMode":0,"name":"Shaded","section":"Shading Mode"},"sceneLighting":true,"audioPlay":false,"sceneViewState":{"showFog":false,"showMaterialUpdate":false,"showSkybox":false,"showFlares":false,"showImageEffects":false,"showParticleSystems":false},"in2DMode":false,"pivot":{"x":-16.815603256225587,"y":2.3368523120880129,"z":-30.13412094116211},"rotation":{"x":0.027881285175681115,"y":-0.36862143874168398,"z":0.011061877943575383,"w":0.9290969371795654},"size":0.7467004656791687,"orthographic":false}