{"cameraMode":{"drawMode":0,"name":"Shaded","section":"Shading Mode"},"sceneLighting":true,"audioPlay":false,"sceneViewState":{"showFog":false,"showMaterialUpdate":false,"showSkybox":false,"showFlares":false,"showImageEffects":false,"showParticleSystems":false},"in2DMode":false,"pivot":{"x":-17.058307647705079,"y":1.941843867301941,"z":-30.099411010742189},"rotation":{"x":-0.011133373714983464,"y":-0.37261268496513369,"z":-0.004476505797356367,"w":0.9279229640960693},"size":0.7467004656791687,"orthographic":false}