{"cameraMode":{"drawMode":0,"name":"Shaded","section":"Shading Mode"},"sceneLighting":true,"audioPlay":false,"sceneViewState":{"showFog":false,"showMaterialUpdate":false,"showSkybox":false,"showFlares":false,"showImageEffects":false,"showParticleSystems":false},"in2DMode":false,"pivot":{"x":-42.05372619628906,"y":2.4666996002197267,"z":-11.065186500549317},"rotation":{"x":0.04739208519458771,"y":-0.7099249362945557,"z":-0.04799303039908409,"w":-0.7010412216186523},"size":1.4744702577590943,"orthographic":false}