{"cameraMode":{"drawMode":0,"name":"Shaded","section":"Shading Mode"},"sceneLighting":true,"audioPlay":false,"sceneViewState":{"showFog":false,"showMaterialUpdate":false,"showSkybox":false,"showFlares":false,"showImageEffects":false,"showParticleSystems":false},"in2DMode":false,"pivot":{"x":-0.02040458470582962,"y":1.0235134363174439,"z":0.24748533964157105},"rotation":{"x":-0.19549329578876496,"y":0.2760973870754242,"z":-0.057464033365249637,"w":-0.9392846822738648},"size":29.228551864624025,"orthographic":false}