{"cameraMode":{"drawMode":0,"name":"Shaded","section":"Shading Mode"},"sceneLighting":true,"audioPlay":false,"sceneViewState":{"showFog":false,"showMaterialUpdate":false,"showSkybox":false,"showFlares":false,"showImageEffects":false,"showParticleSystems":false},"in2DMode":false,"pivot":{"x":-23.68362045288086,"y":1.7958444356918336,"z":-24.979028701782228},"rotation":{"x":-0.035368166863918307,"y":-0.038299523293972018,"z":-0.0013054972514510155,"w":0.9986640810966492},"size":0.8039214015007019,"orthographic":false}