{"cameraMode":{"drawMode":0,"name":"Shaded","section":"Shading Mode"},"sceneLighting":true,"audioPlay":false,"sceneViewState":{"showFog":false,"showMaterialUpdate":false,"showSkybox":false,"showFlares":false,"showImageEffects":false,"showParticleSystems":false},"in2DMode":false,"pivot":{"x":-18.208450317382814,"y":4.922049522399902,"z":-8.620655059814454},"rotation":{"x":-0.005730396136641502,"y":0.2963741719722748,"z":0.0017783130751922727,"w":0.955055296421051},"size":7.779295921325684,"orthographic":false}