{"cameraMode":{"drawMode":0,"name":"Shaded","section":"Shading Mode"},"sceneLighting":true,"audioPlay":false,"sceneViewState":{"showFog":false,"showMaterialUpdate":false,"showSkybox":false,"showFlares":false,"showImageEffects":false,"showParticleSystems":false},"in2DMode":false,"pivot":{"x":-23.350234985351564,"y":0.7425520420074463,"z":-23.27762222290039},"rotation":{"x":0.045880865305662158,"y":-0.006247999612241983,"z":0.00044096497003920376,"w":0.998957633972168},"size":0.9283604621887207,"orthographic":false}