{"cameraMode":{"drawMode":0,"name":"Shaded","section":"Shading Mode"},"sceneLighting":true,"audioPlay":false,"sceneViewState":{"showFog":false,"showMaterialUpdate":false,"showSkybox":false,"showFlares":false,"showImageEffects":false,"showParticleSystems":false},"in2DMode":false,"pivot":{"x":-24.53536605834961,"y":2.1415696144104006,"z":-24.5134220123291},"rotation":{"x":0.18423303961753846,"y":0.2667042315006256,"z":-0.0519510880112648,"w":0.9446053504943848},"size":-1.0532996654510499,"orthographic":false}