{"cameraMode":{"drawMode":0,"name":"Shaded","section":"Shading Mode"},"sceneLighting":true,"audioPlay":false,"sceneViewState":{"showFog":false,"showMaterialUpdate":false,"showSkybox":false,"showFlares":false,"showImageEffects":false,"showParticleSystems":false},"in2DMode":false,"pivot":{"x":-26.758480072021486,"y":1.3904274702072144,"z":-25.25648307800293},"rotation":{"x":0.01808479055762291,"y":0.9100085496902466,"z":-0.412304162979126,"w":0.03991696238517761},"size":0.6987876892089844,"orthographic":false}