{"cameraMode":{"drawMode":0,"name":"Shaded","section":"Shading Mode"},"sceneLighting":true,"audioPlay":false,"sceneViewState":{"showFog":false,"showMaterialUpdate":false,"showSkybox":false,"showFlares":false,"showImageEffects":false,"showParticleSystems":false},"in2DMode":false,"pivot":{"x":-22.442344665527345,"y":0.9779055714607239,"z":-21.295377731323243},"rotation":{"x":0.18460151553153993,"y":0.516546905040741,"z":-0.11513419449329376,"w":0.8281940817832947},"size":0.061013706028461459,"orthographic":false}