{"cameraMode":{"drawMode":0,"name":"Shaded","section":"Shading Mode"},"sceneLighting":true,"audioPlay":false,"sceneViewState":{"showFog":false,"showMaterialUpdate":false,"showSkybox":false,"showFlares":false,"showImageEffects":false,"showParticleSystems":false},"in2DMode":false,"pivot":{"x":-35.09046173095703,"y":0.3812398910522461,"z":-28.29252052307129},"rotation":{"x":0.16783370077610017,"y":-0.7934178709983826,"z":0.2522384524345398,"w":0.5279186964035034},"size":12.128793716430664,"orthographic":false}