{"cameraMode":{"drawMode":0,"name":"Shaded","section":"Shading Mode"},"sceneLighting":true,"audioPlay":false,"sceneViewState":{"showFog":false,"showMaterialUpdate":false,"showSkybox":false,"showFlares":false,"showImageEffects":false,"showParticleSystems":false},"in2DMode":false,"pivot":{"x":-16.871383666992189,"y":1.1779810190200806,"z":-30.01319122314453},"rotation":{"x":0.12625765800476075,"y":-0.3694992661476135,"z":0.050753433257341388,"w":0.9192178249359131},"size":1.646700382232666,"orthographic":false}