{"cameraMode":{"drawMode":0,"name":"Shaded","section":"Shading Mode"},"sceneLighting":true,"audioPlay":false,"sceneViewState":{"showFog":false,"showMaterialUpdate":false,"showSkybox":false,"showFlares":false,"showImageEffects":false,"showParticleSystems":false},"in2DMode":false,"pivot":{"x":-22.96993064880371,"y":2.8251330852508547,"z":-17.375497817993165},"rotation":{"x":0.06145817041397095,"y":-0.09870792180299759,"z":-0.006112993694841862,"w":-0.9932199120521545},"size":3.8039209842681886,"orthographic":false}