{"cameraMode":{"drawMode":0,"name":"Shaded","section":"Shading Mode"},"sceneLighting":true,"audioPlay":false,"sceneViewState":{"showFog":false,"showMaterialUpdate":false,"showSkybox":false,"showFlares":false,"showImageEffects":false,"showParticleSystems":false},"in2DMode":false,"pivot":{"x":-23.84000015258789,"y":1.3899999856948853,"z":-20.75},"rotation":{"x":0.06355984508991242,"y":0.003665804397314787,"z":-0.00017687150102574378,"w":0.9979960322380066},"size":0.49779975414276125,"orthographic":false}