{"cameraMode":{"drawMode":0,"name":"Shaded","section":"Shading Mode"},"sceneLighting":true,"audioPlay":false,"sceneViewState":{"showFog":false,"showMaterialUpdate":false,"showSkybox":false,"showFlares":false,"showImageEffects":false,"showParticleSystems":false},"in2DMode":false,"pivot":{"x":-24.786020278930665,"y":7.765935897827148,"z":-17.123455047607423},"rotation":{"x":-0.202898308634758,"y":0.051097970455884936,"z":0.010773335583508015,"w":0.9778355360031128},"size":5.508917331695557,"orthographic":false}