{"cameraMode":{"drawMode":0,"name":"Shaded","section":"Shading Mode"},"sceneLighting":true,"audioPlay":false,"sceneViewState":{"showFog":false,"showMaterialUpdate":false,"showSkybox":false,"showFlares":false,"showImageEffects":false,"showParticleSystems":false},"in2DMode":false,"pivot":{"x":-18.476430892944337,"y":2.553967237472534,"z":-18.55419921875},"rotation":{"x":0.10812874138355255,"y":0.3624076545238495,"z":-0.04237494617700577,"w":0.9247562885284424},"size":2.0206093788146974,"orthographic":false}