{"cameraMode":{"drawMode":0,"name":"Shaded","section":"Shading Mode"},"sceneLighting":true,"audioPlay":false,"sceneViewState":{"showFog":false,"showMaterialUpdate":false,"showSkybox":false,"showFlares":false,"showImageEffects":false,"showParticleSystems":false},"in2DMode":false,"pivot":{"x":-18.579099655151368,"y":2.4130420684814455,"z":-18.510265350341798},"rotation":{"x":0.12540456652641297,"y":0.34909766912460329,"z":-0.047202471643686298,"w":0.9274575114250183},"size":2.0206093788146974,"orthographic":false}