{"cameraMode":{"drawMode":0,"name":"Shaded","section":"Shading Mode"},"sceneLighting":true,"audioPlay":false,"sceneViewState":{"showFog":false,"showMaterialUpdate":false,"showSkybox":false,"showFlares":false,"showImageEffects":false,"showParticleSystems":false},"in2DMode":false,"pivot":{"x":-16.378097534179689,"y":2.4114761352539064,"z":-30.718093872070314},"rotation":{"x":0.038240399211645129,"y":-0.36623725295066836,"z":0.015031849034130574,"w":0.9296373128890991},"size":0.6757591962814331,"orthographic":false}