{"cameraMode":{"drawMode":0,"name":"Shaded","section":"Shading Mode"},"sceneLighting":true,"audioPlay":false,"sceneViewState":{"showFog":false,"showMaterialUpdate":false,"showSkybox":false,"showFlares":false,"showImageEffects":false,"showParticleSystems":false},"in2DMode":false,"pivot":{"x":-9.128752708435059,"y":2.9194765090942385,"z":-23.84149169921875},"rotation":{"x":-0.1334555447101593,"y":-0.6334129571914673,"z":0.11212814599275589,"w":-0.7539429068565369},"size":10.144793510437012,"orthographic":false}